Wolfe & ECR, Camp & Win, Bus route
    06:46AM,    07:11AM,        26
    07:41AM,    08:06AM,        26
    08:14AM,    08:41AM,        26
    08:44AM,    09:12AM,        26
    09:14AM,    09:44AM,        26
    09:45AM,    10:15AM,        26
    10:15AM,    10:46AM,        26
    10:45AM,    11:17AM,        26
    11:14AM,    11:46AM,        26
    11:45AM,    12:17PM,        26
    12:15PM,    12:47PM,        26
    12:45PM,    01:17PM,        26
    01:15PM,    01:47PM,        26
    01:44PM,    02:16PM,        26
    02:14PM,    02:46PM,        26
    02:44PM,    03:16PM,        26
    03:14PM,    03:46PM,        26
    03:44PM,    04:16PM,        26
    04:14PM,    04:46PM,        26
    04:44PM,    05:16PM,        26
    05:14PM,    05:46PM,        26
    05:43PM,    06:15PM,        26
    06:13PM,    06:44PM,        26
    07:13PM,    07:43PM,        26
    08:12PM,    08:41PM,        26
    09:14PM,    09:40PM,        26
